pwsid,pws_action_level_exceedance_5y,pws_any_sample_gt15_3y,pws_lead_90p_latest_ppb,pws_sample_count_5y,pws_violation_count_5y
NJ0102001,False,False,0.0,1,0
NJ0102301,True,True,1.2,6,0
NJ0102302,False,False,0.0,10,0
NJ0103001,False,False,0.0,10,0
NJ0104003,False,False,0.0,1,0
NJ0105001,False,False,1.3,2,0
NJ0105002,False,False,10.0,2,0
NJ0105300,False,False,6.0200000000000005,4,0
NJ0105304,True,False,2.06,6,0
NJ0105309,False,False,2.4299999999999997,10,0
NJ0105315,True,True,0.0,10,0
NJ0105323,False,False,0.0,1,0
NJ0105331,False,False,0.0,1,0
NJ0105348,False,False,0.0,0,0
NJ0105350,False,False,0.0,10,0
NJ0105353,False,False,1.0,10,0
NJ0105360,False,False,0.0,2,0
NJ0105398,False,False,0.0,1,0
NJ0107001,False,False,2.0,5,0
NJ0108002,False,False,0.0,2,0
NJ0108003,False,False,0.0,6,0
NJ0108004,False,False,2.44,6,0
NJ0108005,False,False,0.0,10,0
NJ0108006,False,False,0.0,2,0
NJ0108009,False,False,0.0,5,0
NJ0108013,False,False,1.2,2,0
NJ0108014,False,False,1.0,5,0
NJ0108019,False,False,0.0,6,0
NJ0108023,False,False,1.1199999999999999,13,0
NJ0108303,False,False,0.0,2,0
NJ0108334,False,False,0.0,6,0
NJ0108352,False,False,0.0,6,0
NJ0108360,False,False,1.09,9,0
NJ0108388,False,False,0.0,8,0
NJ0108420,True,False,0.0,6,0
NJ0109302,False,False,1.4400000000000002,4,0
NJ0110300,False,False,0.0,1,0
NJ0110307,False,False,0.0,6,0
NJ0110309,False,False,1.56,3,0
NJ0110320,False,False,0.0,1,0
NJ0111004,False,False,0.27,5,0
NJ0111006,True,False,1.1900000000000002,5,0
NJ0111007,False,False,0.0,8,0
NJ0111304,False,False,0.92,2,0
NJ0111310,False,False,2.02,0,0
NJ0111375,False,False,0.0,7,0
NJ0111376,False,False,1.2,1,0
NJ0111393,False,False,2.11,0,0
NJ0111396,False,False,0.0,10,0
NJ0111405,False,False,4.0,1,0
NJ0111424,False,False,0.0,2,0
NJ0111431,False,False,0.38,2,0
NJ0111432,False,False,2.0,1,0
NJ0111441,False,False,0.0,4,0
NJ0111452,False,False,0.0,5,0
NJ0111456,False,False,1.66,3,0
NJ0111460,True,True,1.71,8,0
NJ0112001,False,False,1.86,2,0
NJ0112002,False,False,0.0,5,0
NJ0112324,False,False,8.07,5,0
NJ0112325,False,False,0.0,1,0
NJ0112348,False,False,2.0,0,0
NJ0112356,False,False,0.0,5,0
NJ0113001,False,False,0.5599999999999999,5,0
NJ0113302,False,False,3.28,1,0
NJ0113330,False,False,0.64,9,0
NJ0113357,False,False,0.16,10,0
NJ0115001,False,False,6.17,1,0
NJ0116001,False,False,1.36,2,0
NJ0117001,False,False,3.0,2,0
NJ0117303,False,False,0.0,5,0
NJ0117331,False,False,0.0,6,0
NJ0119001,False,False,0.0,9,0
NJ0119002,False,False,1.0,5,0
NJ0120307,False,False,0.0,2,0
NJ0122001,False,False,3.76,1,0
NJ0123001,False,False,0.0,2,0
NJ0123002,False,False,0.0,10,0
NJ0123300,False,False,3.52,3,0
NJ0201001,False,False,3.8899999999999997,2,0
NJ0211001,False,False,0.0,4,0
NJ0215300,True,False,2.18,9,0
NJ0217001,False,False,2.46,6,0
NJ0220001,False,False,3.75,7,0
NJ0220305,False,False,3.47,1,0
NJ0221001,False,False,3.4,2,0
NJ0228001,False,False,2.99,5,0
NJ0231001,False,False,0.85,2,0
NJ0232001,False,False,0.0,2,0
NJ0233001,False,False,4.38,2,0
NJ0233005,False,False,5.34,2,0
NJ0236001,False,False,2.3600000000000003,2,0
NJ0238001,False,False,11.0,8,0
NJ0239001,False,False,1.13,2,0
NJ0242001,False,False,3.32,2,0
NJ0247001,False,False,1.4,2,0
NJ0248001,False,False,0.0,2,0
NJ0251001,False,False,6.4,6,0
NJ0255306,False,False,0.0,5,0
NJ0257001,False,False,1.41,5,0
NJ0258001,False,False,0.662,2,0
NJ0263320,True,True,2.99,7,0
NJ0264001,False,False,8.48,4,0
NJ0265001,False,False,1.61,3,0
NJ0301001,False,False,2.33,1,0
NJ0301300,False,False,0.0,1,0
NJ0301323,True,False,54.0,1,0
NJ0303001,False,False,1.33,7,0
NJ0304306,False,False,0.0,2,0
NJ0305001,False,False,0.0,7,0
NJ0306001,False,False,0.0,5,0
NJ0306303,False,False,5.0,5,0
NJ0306306,False,False,17.0,0,0
NJ0306307,False,False,3.0,1,0
NJ0306308,False,False,2.1,0,0
NJ0307002,False,False,1.6,7,0
NJ0307302,False,False,2.97,1,0
NJ0307304,False,False,3.7,0,0
NJ0310300,False,False,8.0,2,0
NJ0310301,True,False,0.0,7,0
NJ0311001,False,False,0.0,2,0
NJ0311002,False,False,0.0,3,0
NJ0313001,False,False,1.4,2,0
NJ0313300,False,False,1.77,2,0
NJ0314001,True,False,1.46,10,0
NJ0315001,False,False,0.0,2,0
NJ0315301,False,False,3.4,6,0
NJ0317303,False,False,0.0,0,0
NJ0317304,False,False,0.0,0,0
NJ0317306,False,False,1.01,6,0
NJ0318002,False,False,5.0,2,0
NJ0318303,False,False,0.0,2,0
NJ0318306,False,False,0.0,6,0
NJ0318310,False,False,0.0,2,0
NJ0318312,False,False,0.7,2,0
NJ0318314,False,False,0.0,2,0
NJ0318315,False,False,0.0,2,0
NJ0319001,False,False,0.0,3,0
NJ0320001,False,False,0.0,2,0
NJ0320002,False,False,2.72,5,0
NJ0320303,False,False,0.0,2,0
NJ0320310,True,False,5.41,3,0
NJ0320327,False,False,7.0,2,0
NJ0320332,False,False,4.3,1,0
NJ0320334,False,False,0.0,5,0
NJ0320342,False,False,3.0,0,0
NJ0320347,True,False,0.0,7,0
NJ0320348,False,False,2.77,2,0
NJ0320361,False,False,0.0,2,0
NJ0321302,False,False,0.0,3,0
NJ0321303,False,False,2.96,7,0
NJ0322001,False,False,1.8,5,0
NJ0323001,False,False,3.0,5,0
NJ0324001,False,False,1.7,8,0
NJ0324300,False,False,1.61,4,0
NJ0325001,False,False,0.3,2,0
NJ0326001,False,False,0.0,2,0
NJ0326003,False,False,0.0,2,0
NJ0326004,False,False,0.0,2,0
NJ0326005,False,False,1.33,1,0
NJ0326006,False,False,0.8,2,0
NJ0326007,False,False,1.4,2,0
NJ0326008,False,False,2.8,2,0
NJ0326009,False,False,0.0,2,0
NJ0326012,False,False,0.0,0,0
NJ0326013,False,False,0.0,1,0
NJ0326014,False,False,0.0,1,0
NJ0326304,False,False,4.0,1,0
NJ0326323,False,False,0.0,5,0
NJ0326324,False,False,0.0,8,0
NJ0326325,False,False,0.0,0,0
NJ0327001,False,False,1.0,5,0
NJ0328001,False,False,0.71,2,0
NJ0329001,False,False,1.6,1,0
NJ0329002,False,False,2.1,4,0
NJ0329003,False,False,0.0,2,0
NJ0329004,False,False,1.25,2,0
NJ0329005,False,False,1.26,5,0
NJ0329006,False,False,0.0,1,0
NJ0329008,False,False,0.0,2,0
NJ0329009,False,False,0.0,2,0
NJ0329301,True,True,5.52,4,0
NJ0329302,True,True,6.97,4,0
NJ0329303,False,False,1.45,2,0
NJ0329320,False,False,0.8400000000000001,5,0
NJ0329324,False,False,5.989999999999999,1,0
NJ0329327,False,False,9.6,2,0
NJ0329330,False,False,3.0,0,0
NJ0329332,False,False,10.200000000000001,3,0
NJ0332001,False,False,0.0,2,0
NJ0332002,False,False,1.0,5,0
NJ0332313,True,True,0.0,4,0
NJ0332321,False,False,0.0,1,0
NJ0332325,False,False,3.59,2,0
NJ0332326,False,False,0.0,5,0
NJ0332329,False,False,1.26,1,0
NJ0332331,False,False,0.0,1,0
NJ0333001,False,False,1.3,2,0
NJ0333002,False,False,0.91,2,0
NJ0333003,False,False,0.0,3,0
NJ0333004,False,False,0.0,2,0
NJ0333309,False,False,2.48,2,0
NJ0333319,False,False,0.0,2,0
NJ0333326,False,False,1.3,0,0
NJ0333328,False,False,1.48,3,0
NJ0334304,False,False,0.0,1,0
NJ0334314,False,False,0.0,5,0
NJ0334316,False,False,0.0,2,0
NJ0335001,False,False,3.81,2,0
NJ0335301,False,False,2.1,0,0
NJ0335302,False,False,3.18,2,0
NJ0335307,False,False,6.4,2,0
NJ0335311,False,False,0.0,2,0
NJ0335323,False,False,0.0,2,0
NJ0335324,False,False,0.0,2,0
NJ0335325,False,False,0.0,2,0
NJ0336319,False,False,3.2,2,0
NJ0338001,False,False,0.0,1,0
NJ0338300,False,False,2.0799999999999996,0,0
NJ0339001,True,True,3.63,10,0
NJ0339314,False,False,0.0,5,0
NJ0339319,False,False,1.7,10,0
NJ0339320,False,False,3.27,0,0
NJ0340001,False,False,0.0,5,0
NJ0340002,False,False,2.3,1,0
NJ0404001,False,False,0.0,2,0
NJ0405001,False,False,3.4499999999999997,1,0
NJ0407001,False,False,5.0200000000000005,2,0
NJ0408001,False,False,1.3,3,0
NJ0410001,False,False,1.5,1,0
NJ0410002,False,False,0.0,1,0
NJ0410302,True,True,4.49,4,0
NJ0410304,False,False,0.0,1,0
NJ0411001,False,False,1.86,2,0
NJ0412001,False,False,0.0,2,0
NJ0414001,False,False,2.0,1,0
NJ0415002,False,False,0.0,2,0
NJ0415308,False,False,0.0,2,0
NJ0415319,True,False,1.9,8,0
NJ0415323,False,False,0.46,2,0
NJ0415325,False,False,0.0,2,0
NJ0416001,False,False,0.0,2,0
NJ0424001,False,False,0.0,2,0
NJ0428002,False,False,3.1,2,0
NJ0429001,False,False,0.6,1,0
NJ0434318,False,False,0.0,2,0
NJ0434324,False,False,2.0,0,0
NJ0435003,False,False,2.2300000000000004,10,0
NJ0435309,False,False,0.69,1,0
NJ0435324,False,False,0.0,5,0
NJ0435353,False,False,1.3,1,0
NJ0435367,False,False,2.07,6,0
NJ0435375,False,False,1.56,6,0
NJ0435393,False,False,1.0,0,0
NJ0436001,True,True,3.3,9,0
NJ0436002,False,False,0.0,2,0
NJ0436007,False,False,0.66,3,0
NJ0436008,False,False,1.4,1,0
NJ0436009,False,False,0.0,2,0
NJ0436010,False,False,0.0,4,0
NJ0436320,False,False,0.0,1,0
NJ0436324,False,False,0.0,10,0
NJ0436414,False,False,6.0,0,0
NJ0436456,False,False,0.0,5,0
NJ0436457,False,False,3.1,1,0
NJ0436458,False,False,1.2,1,0
NJ0436481,False,False,0.0,10,0
NJ0436484,False,False,1.28,9,0
NJ0436499,True,False,0.0,9,0
NJ0436502,False,False,7.6499999999999995,5,0
NJ0501001,False,False,0.85,1,0
NJ0502001,True,True,0.0,8,0
NJ0503001,False,False,4.4,2,0
NJ0504301,False,False,0.0,2,0
NJ0504306,True,False,1.26,7,0
NJ0504348,False,False,5.23,1,0
NJ0504402,False,False,0.0,8,0
NJ0504407,False,False,6.57,2,0
NJ0504900,False,False,0.0,5,0
NJ0505002,False,False,2.11,8,0
NJ0505003,False,False,0.0,2,0
NJ0505305,False,False,9.299999999999999,0,0
NJ0505306,False,False,9.5,0,0
NJ0505342,False,False,3.4,10,0
NJ0505343,False,False,0.0,2,0
NJ0506001,False,False,0.0,5,0
NJ0506004,False,False,1.05,2,0
NJ0506007,False,False,4.930000000000001,1,0
NJ0506008,False,False,0.0,5,0
NJ0506009,False,False,0.0,5,0
NJ0506010,False,False,0.0,5,0
NJ0506012,False,False,3.07,5,0
NJ0506013,False,False,0.0,5,0
NJ0506015,False,False,1.7,1,0
NJ0506315,False,False,0.0,1,0
NJ0506321,False,False,0.0,3,0
NJ0506343,False,False,7.2,1,0
NJ0506408,False,False,0.0,8,0
NJ0506433,False,False,2.18,0,0
NJ0508001,False,False,0.0,2,0
NJ0509001,False,False,0.0,1,0
NJ0510001,False,False,3.0300000000000002,2,0
NJ0511001,False,False,0.0,2,0
NJ0511003,False,False,0.0,5,0
NJ0511305,False,False,0.0,7,0
NJ0511308,False,False,0.0,0,0
NJ0511325,False,False,0.0,1,0
NJ0511330,False,False,1.1199999999999999,2,0
NJ0511348,False,False,0.0,8,0
NJ0511353,False,False,0.0,4,0
NJ0511401,False,False,0.0,9,0
NJ0511900,False,False,0.0,0,0
NJ0512001,False,False,2.54,1,0
NJ0514001,False,False,3.4,1,0
NJ0516001,False,False,1.3699999999999999,10,0
NJ0516003,False,False,0.0,5,0
NJ0601001,False,False,2.9,2,0
NJ0602300,False,False,6.2,2,0
NJ0602301,False,False,0.0,2,0
NJ0602302,False,False,0.0,10,0
NJ0602303,False,False,0.0,1,0
NJ0603301,False,False,22.0,0,0
NJ0603302,False,False,3.5,7,0
NJ0603303,False,False,0.0,8,0
NJ0603305,False,False,0.0,0,0
NJ0603308,False,False,0.0,9,0
NJ0603324,True,True,15.64,8,0
NJ0603326,False,False,0.0,5,0
NJ0603327,False,False,0.0,1,0
NJ0603331,False,False,0.0,10,0
NJ0604001,False,False,3.4,1,0
NJ0604303,False,False,1.4,3,0
NJ0605001,True,True,14.77,8,0
NJ0605002,False,False,8.3,5,0
NJ0605004,False,False,0.0,2,0
NJ0605309,True,False,0.0,11,0
NJ0605312,False,False,0.0,10,0
NJ0605313,False,False,0.0,2,0
NJ0605315,False,False,0.0,4,0
NJ0605318,False,False,0.0,10,0
NJ0605320,False,False,5.8,1,0
NJ0605323,False,False,0.0,9,0
NJ0606300,False,False,2.5,10,0
NJ0607001,False,False,0.0,8,0
NJ0607302,False,False,0.0,8,0
NJ0607307,False,False,0.0,10,0
NJ0607310,False,False,0.0,0,0
NJ0607311,False,False,2.9499999999999997,2,0
NJ0607322,False,False,0.0,10,0
NJ0607326,True,True,0.0,4,0
NJ0608300,False,False,0.0,6,0
NJ0608309,False,False,0.0,7,0
NJ0608310,False,False,0.0,4,0
NJ0608311,False,False,0.0,1,0
NJ0609001,False,False,0.0,2,0
NJ0609300,False,False,1.0,10,0
NJ0609301,False,False,6.0,10,0
NJ0609304,False,False,0.0,2,0
NJ0609316,False,False,0.0,2,0
NJ0610001,False,False,0.0,4,0
NJ0610002,False,False,4.21,2,0
NJ0610301,False,False,0.0,4,0
NJ0612001,False,False,2.9,6,0
NJ0612300,False,False,2.15,2,0
NJ0612301,False,False,0.0,10,0
NJ0613004,False,False,0.0,1,0
NJ0613307,False,False,0.0,5,0
NJ0613313,False,False,2.94,0,0
NJ0613328,False,False,3.31,1,0
NJ0614002,False,False,0.0,4,0
NJ0614003,False,False,0.0,6,0
NJ0614004,False,False,0.0,3,0
NJ0614005,False,False,0.0,9,0
NJ0614322,False,False,0.0,1,0
NJ0614334,False,False,6.5,0,0
NJ0614350,False,False,1.0,0,0
NJ0701001,False,False,1.1,10,0
NJ0702001,False,False,1.89,10,0
NJ0702300,False,False,0.0,2,0
NJ0703001,False,False,1.0,2,0
NJ0704001,False,False,0.0,4,0
NJ0705001,False,False,2.65,5,0
NJ0706001,False,False,2.44,2,0
NJ0706002,False,False,0.0,3,0
NJ0707001,False,False,0.0,2,0
NJ0708001,False,False,0.0,2,0
NJ0710001,False,False,4.18,2,0
NJ0712001,False,False,3.0,5,0
NJ0713001,False,False,0.0,8,0
NJ0714001,False,False,0.0,8,0
NJ0715001,False,False,2.87,1,0
NJ0715002,False,False,5.5,1,0
NJ0715300,False,False,3.3,2,0
NJ0716001,False,False,0.0,10,0
NJ0716300,False,False,0.0,0,0
NJ0717001,False,False,0.0,7,0
NJ0718001,False,False,1.2899999999999998,1,0
NJ0719001,False,False,2.0,5,0
NJ0720001,False,False,0.0,10,0
NJ0721001,False,False,0.0,3,0
NJ0721305,False,False,9.0,1,0
NJ0722304,False,False,8.7,1,0
NJ0722305,False,False,3.3800000000000003,1,0
NJ0801001,False,False,1.17,2,0
NJ0802001,False,False,0.0,1,0
NJ0803001,False,False,1.6,4,0
NJ0804001,False,False,0.57,2,0
NJ0804308,False,False,0.0,2,0
NJ0804309,False,False,0.0,7,0
NJ0804313,False,False,0.0,0,0
NJ0804321,False,False,0.0,0,0
NJ0805001,False,False,3.0599999999999996,2,0
NJ0805002,False,False,7.52,2,0
NJ0805003,False,False,0.0,10,0
NJ0805303,False,False,0.0,7,0
NJ0805308,False,False,1.0,5,0
NJ0805342,False,False,2.85,4,0
NJ0805344,False,False,0.0,10,0
NJ0805348,False,False,0.0,0,0
NJ0805351,False,False,0.0,0,0
NJ0805359,False,False,0.0,1,0
NJ0805378,False,False,0.0,1,0
NJ0805399,False,False,0.0,2,0
NJ0805426,False,False,0.0,6,0
NJ0805427,False,False,0.0,8,0
NJ0805433,False,False,1.6800000000000002,1,0
NJ0805447,False,False,0.0,2,0
NJ0805448,False,False,0.0,6,0
NJ0805453,False,False,1.83,5,0
NJ0805465,False,False,0.0,6,0
NJ0806001,False,False,1.0,9,0
NJ0807001,False,False,0.0,2,0
NJ0808001,False,False,1.0,5,0
NJ0808301,False,False,1.6,0,0
NJ0808314,False,False,0.0,1,0
NJ0808317,False,False,0.0,1,0
NJ0808319,False,False,0.0,1,0
NJ0809001,False,False,0.0,6,0
NJ0809002,False,False,3.0,2,0
NJ0809301,False,False,0.0,10,0
NJ0809309,True,False,65.0,3,0
NJ0809311,False,False,9.0,0,0
NJ0809313,False,False,0.25999999999999995,0,0
NJ0810004,False,False,0.0,2,0
NJ0810005,False,False,0.0,2,0
NJ0810322,False,False,0.0,8,0
NJ0810324,False,False,1.14,7,0
NJ0811002,False,False,2.3,1,0
NJ0811316,False,False,1.66,3,0
NJ0811323,False,False,2.28,9,0
NJ0811419,False,False,0.0,10,0
NJ0812001,False,False,0.0,1,0
NJ0813001,False,False,0.0,6,0
NJ0814001,False,False,2.79,2,0
NJ0815001,False,False,0.0,2,0
NJ0816001,False,False,5.15,6,0
NJ0816300,False,False,0.0,1,0
NJ0817001,False,False,0.11,9,0
NJ0817305,False,False,2.16,6,0
NJ0818004,False,False,0.0,1,0
NJ0818335,False,False,0.0,8,0
NJ0818372,False,False,0.0,1,0
NJ0818470,False,False,0.0,10,0
NJ0819001,False,False,0.0,2,0
NJ0820001,False,False,2.83,5,0
NJ0820301,False,False,0.0,1,0
NJ0820305,False,False,0.0,5,0
NJ0821001,False,False,0.0,10,0
NJ0822001,False,False,0.0,5,0
NJ0823001,False,False,0.0,1,0
NJ0824001,False,False,0.0,2,0
NJ0824314,False,False,0.0,1,0
NJ0824315,False,False,0.0,2,0
NJ0824317,True,True,0.0,6,0
NJ0901001,False,False,4.5,5,0
NJ0902001,False,False,3.17,2,0
NJ0904001,False,False,0.0,2,0
NJ0905001,False,False,2.19,5,0
NJ0906001,False,False,5.55,5,0
NJ0907001,False,False,4.029999999999999,5,0
NJ1001300,False,False,0.51,1,0
NJ1001303,False,False,5.19,10,0
NJ1001308,False,False,0.0,2,0
NJ1002300,False,False,4.31,3,0
NJ1002311,True,True,17.2,9,0
NJ1002318,False,False,0.0,2,0
NJ1004001,False,False,0.0,10,0
NJ1005001,False,False,4.6,1,0
NJ1006300,False,False,0.0,9,0
NJ1006302,False,False,0.0,2,0
NJ1006308,False,False,0.0,2,0
NJ1006310,False,False,6.2,0,0
NJ1006320,False,False,3.6,2,0
NJ1006329,False,False,1.8,9,0
NJ1006333,False,False,5.67,2,0
NJ1006339,False,False,2.97,5,0
NJ1006349,False,False,0.0,2,0
NJ1006352,False,False,2.3,1,0
NJ1006355,False,False,3.02,10,0
NJ1006357,False,False,0.0,2,0
NJ1006359,True,False,0.0,6,0
NJ1006370,False,False,0.6,2,0
NJ1006373,False,False,2.31,6,0
NJ1007001,False,False,0.0,10,0
NJ1007002,False,False,0.0,2,0
NJ1008300,False,False,0.0,9,0
NJ1008301,False,False,0.0,7,0
NJ1008306,False,False,0.0,2,0
NJ1009001,False,False,3.4,2,0
NJ1010300,False,False,0.0,10,0
NJ1010309,False,False,3.72,2,0
NJ1010310,False,False,0.51,4,0
NJ1010311,False,False,1.6800000000000002,9,0
NJ1011001,False,False,0.0,2,0
NJ1012001,False,False,1.5,6,0
NJ1013001,False,False,1.5,2,0
NJ1014001,False,False,4.2,1,0
NJ1015003,False,False,0.0,10,0
NJ1015004,False,False,0.0,2,0
NJ1015303,False,False,0.38,1,0
NJ1016300,False,False,8.3,2,0
NJ1016302,False,False,1.09,10,0
NJ1016303,False,False,5.0,2,0
NJ1016317,False,False,0.0,2,0
NJ1016324,False,False,4.5,9,0
NJ1017001,False,False,2.0,9,0
NJ1017301,True,False,46.0,3,0
NJ1019001,False,False,2.5,1,0
NJ1019002,False,False,0.0,9,0
NJ1019003,False,False,0.0,2,0
NJ1019301,False,False,1.0,0,0
NJ1019309,True,False,6.43,10,0
NJ1019311,True,True,19.0,10,0
NJ1019314,True,False,5.6499999999999995,10,0
NJ1019315,True,True,4.05,8,0
NJ1019322,True,True,18.0,2,0
NJ1019344,False,False,0.0,5,0
NJ1019900,False,False,47.0,0,0
NJ1020001,False,False,2.5,2,0
NJ1021300,False,False,1.9,0,0
NJ1021305,False,False,2.02,4,0
NJ1021308,False,False,0.9700000000000001,2,0
NJ1021319,False,False,3.3,1,0
NJ1021333,False,False,1.0,0,0
NJ1021351,False,False,0.0,9,0
NJ1021363,False,False,1.6,2,0
NJ1021390,False,False,4.0,0,0
NJ1021405,False,False,4.8,1,0
NJ1021409,False,False,0.83,1,0
NJ1021416,False,False,0.0,2,0
NJ1021424,False,False,1.5,1,0
NJ1021431,False,False,2.0,2,0
NJ1021432,False,False,13.16,1,0
NJ1021435,False,False,0.8099999999999999,2,0
NJ1021436,False,False,8.290000000000001,2,0
NJ1021438,False,False,1.6,6,0
NJ1022300,False,False,0.0,2,0
NJ1022305,False,False,1.3,3,0
NJ1022306,False,False,0.0,5,0
NJ1022309,False,False,0.0,2,0
NJ1022338,False,False,0.46,1,0
NJ1022341,False,False,0.0,9,0
NJ1022342,True,True,0.0,9,0
NJ1022357,False,False,5.7,2,0
NJ1022361,False,False,0.0,2,0
NJ1022363,False,False,1.4,2,0
NJ1022364,False,False,3.72,2,0
NJ1022366,False,False,1.7,2,0
NJ1022370,False,False,0.0,2,0
NJ1022374,False,False,0.0,2,0
NJ1022379,False,False,0.0,6,0
NJ1022382,False,False,0.0,2,0
NJ1023001,False,False,1.2,10,0
NJ1024001,False,False,0.0,2,0
NJ1024300,False,False,1.5299999999999998,9,0
NJ1024301,False,False,0.0,2,0
NJ1024317,False,False,5.19,4,0
NJ1025001,False,False,3.0,2,0
NJ1025307,False,False,6.28,8,0
NJ1025313,False,False,2.6,2,0
NJ1025314,False,False,1.1900000000000002,0,0
NJ1025326,False,False,0.0,7,0
NJ1025331,False,False,4.45,9,0
NJ1026300,False,False,3.3,2,0
NJ1026301,False,False,0.0,0,0
NJ1026302,False,False,2.52,9,0
NJ1026308,False,False,1.24,1,0
NJ1026310,False,False,1.23,2,0
NJ1026318,False,False,0.0,10,0
NJ1026320,True,True,0.0,4,0
NJ1101002,False,False,1.61,2,0
NJ1101303,True,True,27.599999999999998,9,0
NJ1101314,False,False,2.69,2,0
NJ1102307,False,False,13.2,0,0
NJ1103001,False,False,0.0,1,0
NJ1104001,False,False,1.7,1,0
NJ1105001,False,False,1.72,5,0
NJ1106001,False,False,1.4,2,0
NJ1106002,False,False,2.0,10,0
NJ1106300,True,False,0.0,9,0
NJ1106304,False,False,0.47,5,0
NJ1106315,False,False,7.84,9,0
NJ1106316,False,False,4.96,2,0
NJ1106317,False,False,6.96,2,0
NJ1106319,False,False,0.0,2,0
NJ1106337,False,False,0.0,5,0
NJ1106338,False,False,3.04,0,0
NJ1106339,False,False,4.61,0,0
NJ1106344,False,False,5.6499999999999995,0,0
NJ1106355,False,False,5.6,1,0
NJ1106357,False,False,4.2700000000000005,2,0
NJ1106362,False,False,0.0,2,0
NJ1106364,False,False,12.0,5,0
NJ1106375,False,False,2.63,2,0
NJ1106390,False,False,0.0,2,0
NJ1106394,False,False,0.0,1,0
NJ1106397,False,False,2.2,2,0
NJ1106398,False,False,0.0,2,0
NJ1106399,False,False,1.16,2,0
NJ1106400,False,False,4.71,1,0
NJ1107001,False,False,0.0,2,0
NJ1107002,False,False,0.0,7,0
NJ1107304,False,False,3.2,3,0
NJ1107315,False,False,1.6700000000000002,1,0
NJ1107325,False,False,0.0,10,0
NJ1108001,False,False,1.0,2,0
NJ1108301,False,False,0.0,2,0
NJ1110301,False,False,4.0,0,0
NJ1111001,False,False,4.0,10,0
NJ1112001,False,False,0.0,5,0
NJ1113301,True,True,7.64,7,0
NJ1113307,False,False,2.17,7,0
NJ1113315,False,False,2.879,2,0
NJ1202307,False,False,0.0,1,0
NJ1202318,False,False,0.0,3,0
NJ1204001,False,False,0.12999999999999998,7,0
NJ1205001,False,False,1.6,1,0
NJ1206001,False,False,0.91,3,0
NJ1207001,False,False,3.3800000000000003,1,0
NJ1209002,False,False,1.02,5,0
NJ1212001,True,False,2.8,10,0
NJ1213002,False,False,1.6900000000000002,5,0
NJ1213321,False,False,0.0,0,0
NJ1213357,False,False,0.0,7,0
NJ1214001,False,False,2.1,10,0
NJ1215001,False,False,0.0,5,0
NJ1216001,False,False,0.0,5,0
NJ1217301,False,False,4.0,2,0
NJ1219001,False,False,0.67,5,0
NJ1219300,False,False,0.0,0,0
NJ1221004,False,False,0.0,10,0
NJ1222310,False,False,1.99,2,0
NJ1223001,False,False,0.0,10,0
NJ1224001,False,False,2.31,5,0
NJ1225001,False,False,1.0,10,0
NJ1302001,False,False,0.9879000000000001,2,0
NJ1302300,False,False,0.0,10,0
NJ1304001,False,False,1.56,2,0
NJ1305001,False,False,0.44,1,0
NJ1306001,False,False,0.66,10,0
NJ1308001,False,False,0.44,1,0
NJ1309001,False,False,10.0,2,0
NJ1309002,False,False,0.0,5,0
NJ1309302,False,False,0.25999999999999995,2,0
NJ1309306,True,True,23.2,5,0
NJ1309307,False,False,0.0,2,0
NJ1309311,False,False,0.0,10,0
NJ1309319,False,False,2.0500000000000003,2,0
NJ1309321,False,False,3.26,0,0
NJ1309327,False,False,0.38,1,0
NJ1309328,False,False,1.2,1,0
NJ1309336,False,False,0.0,7,0
NJ1309337,True,False,7.43,8,0
NJ1309410,False,False,8.3,2,0
NJ1309412,False,False,0.35,1,0
NJ1309414,False,False,0.0,2,0
NJ1309415,False,False,0.0,2,0
NJ1309416,False,False,0.0,2,0
NJ1309419,False,False,0.0,2,0
NJ1309424,False,False,10.0,0,0
NJ1309425,True,True,0.0,4,0
NJ1309435,False,False,0.0,5,0
NJ1311001,False,False,2.15,1,0
NJ1312001,False,False,0.45,2,0
NJ1314001,False,False,0.0,2,0
NJ1315001,False,False,0.8,6,0
NJ1316001,False,False,0.0,1,0
NJ1316325,False,False,0.0,0,0
NJ1316367,False,False,0.0,1,0
NJ1319003,False,False,3.0,1,0
NJ1319007,False,False,0.88,0,0
NJ1319008,False,False,0.0,3,0
NJ1319009,False,False,0.0,2,0
NJ1319010,False,False,4.6,2,0
NJ1319326,True,True,15.76,2,0
NJ1319339,False,False,4.6899999999999995,2,0
NJ1319348,False,False,0.0,0,0
NJ1319354,False,False,3.0300000000000002,1,0
NJ1319364,False,False,0.0,0,0
NJ1319377,False,False,4.1000000000000005,2,0
NJ1319383,False,False,0.0,6,0
NJ1319386,False,False,2.2,2,0
NJ1319391,False,False,0.0,1,0
NJ1319402,False,False,0.0,10,0
NJ1319419,False,False,1.72,1,0
NJ1319438,False,False,0.0,1,0
NJ1319440,False,False,0.0,1,0
NJ1319444,False,False,2.0,1,0
NJ1319445,False,False,0.0,3,0
NJ1319446,False,False,0.5599999999999999,2,0
NJ1319457,False,False,0.0,10,0
NJ1319461,False,False,3.04,4,0
NJ1319462,False,False,0.0,0,0
NJ1319463,False,False,0.0,0,0
NJ1319472,False,False,0.0,2,0
NJ1319493,False,False,0.0,0,0
NJ1319495,False,False,0.0,5,0
NJ1319496,False,False,0.0,5,0
NJ1319497,False,False,0.0,10,0
NJ1321001,False,False,0.5569999999999999,2,0
NJ1322001,False,False,0.4067,2,0
NJ1323301,False,False,0.0,1,0
NJ1326001,False,False,2.32,1,0
NJ1326002,False,False,2.63,5,0
NJ1326005,False,False,4.0,1,0
NJ1326007,False,False,0.5,1,0
NJ1326321,False,False,0.0,0,0
NJ1326334,False,False,0.0,2,0
NJ1326371,False,False,0.0,1,0
NJ1326373,False,False,0.7,7,0
NJ1326378,False,False,0.0,5,0
NJ1326379,False,False,0.0,10,0
NJ1327001,False,False,0.63,7,0
NJ1328002,False,False,1.0,2,0
NJ1328003,False,False,0.0,0,0
NJ1328300,False,False,0.0,2,0
NJ1328303,False,False,2.0,0,0
NJ1329001,False,False,0.0,4,0
NJ1330002,False,False,0.0,1,0
NJ1330003,False,False,0.0,1,0
NJ1330004,False,False,0.0,1,0
NJ1331001,False,False,8.55,8,0
NJ1332301,True,False,2.5500000000000003,10,0
NJ1332313,False,False,0.0,1,0
NJ1332314,False,False,0.0,2,0
NJ1332324,True,True,9.31,5,0
NJ1332329,False,False,1.09,2,0
NJ1332352,False,False,0.82,2,0
NJ1332354,False,False,0.0,10,0
NJ1332363,False,False,0.0,1,0
NJ1332373,False,False,0.0,1,0
NJ1332378,False,False,3.0,1,0
NJ1332380,False,False,0.6,2,0
NJ1332381,False,False,0.0,5,0
NJ1332384,False,False,3.77,1,0
NJ1332393,False,False,4.56,7,0
NJ1334305,False,False,0.5599999999999999,1,0
NJ1339001,False,False,0.0,1,0
NJ1340001,False,False,0.7,6,0
NJ1341001,False,False,0.0,5,0
NJ1344001,False,False,2.26,1,0
NJ1345001,False,False,2.0,5,0
NJ1346001,False,False,0.0,9,0
NJ1347001,False,False,0.0,2,0
NJ1348001,False,False,0.0,2,0
NJ1349001,False,False,2.5,2,0
NJ1350001,False,False,0.0,1,0
NJ1351309,True,False,0.0,6,0
NJ1351321,False,False,0.5,3,0
NJ1351322,False,False,0.0,1,0
NJ1351326,False,False,0.0,1,0
NJ1351327,False,False,1.0,0,0
NJ1351328,False,False,7.6,2,0
NJ1351338,False,False,0.5,5,0
NJ1352003,False,False,0.5199999999999999,1,0
NJ1352005,False,False,0.32,6,0
NJ1352301,False,False,0.0,0,0
NJ1352319,False,False,0.0,2,0
NJ1352321,False,False,110.0,0,0
NJ1352322,False,False,61.0,0,0
NJ1352326,False,False,135.0,0,0
NJ1352340,False,False,360.0,0,0
NJ1352342,False,False,1.46,2,0
NJ1401001,False,False,1.13,5,0
NJ1401002,False,False,0.0,7,0
NJ1401300,False,False,0.0,2,0
NJ1402303,False,False,3.0,0,0
NJ1402304,False,False,1.86,5,0
NJ1402305,False,False,4.0,0,0
NJ1402308,True,False,2.3800000000000003,10,0
NJ1403001,False,False,0.0,6,0
NJ1404001,False,False,1.4,2,0
NJ1406002,False,False,4.2,10,0
NJ1406304,False,False,0.0,0,0
NJ1406325,False,False,13.2,10,0
NJ1406326,False,False,3.2,2,0
NJ1406327,False,False,0.0,6,0
NJ1406328,False,False,5.8999999999999995,0,0
NJ1406329,False,False,10.3,0,0
NJ1407001,False,False,1.0,2,0
NJ1407300,False,False,0.0,1,0
NJ1407301,False,False,1.3,5,0
NJ1407302,False,False,3.4,1,0
NJ1407303,False,False,4.97,7,0
NJ1407304,False,False,3.5,1,0
NJ1407313,True,True,8.0,10,0
NJ1407314,False,False,2.57,7,0
NJ1407318,False,False,1.25,5,0
NJ1407321,True,False,0.0,10,0
NJ1407331,False,False,0.0,8,0
NJ1407338,False,False,4.0,3,0
NJ1407339,False,False,0.0,9,0
NJ1408001,False,False,12.7,1,0
NJ1409001,False,False,2.78,2,0
NJ1410001,False,False,1.07,3,0
NJ1410300,False,False,1.05,0,0
NJ1410307,False,False,1.2899999999999998,2,0
NJ1411001,False,False,2.5300000000000002,2,0
NJ1411302,False,False,0.0,2,0
NJ1413001,True,True,0.0,3,0
NJ1413300,False,False,0.0,9,0
NJ1413301,True,False,11.6,8,0
NJ1413304,False,False,2.37,0,0
NJ1414003,False,False,3.5100000000000002,10,0
NJ1414006,False,False,4.0,2,0
NJ1414008,True,True,0.0,3,0
NJ1414011,False,False,0.0,9,0
NJ1414013,False,False,10.0,0,0
NJ1414014,False,False,1.64,0,0
NJ1414016,False,False,0.0,1,0
NJ1414303,False,False,0.0,6,0
NJ1414308,False,False,0.0,3,0
NJ1414344,False,False,3.73,0,0
NJ1414401,False,False,0.0,9,0
NJ1414402,False,False,1.01,2,0
NJ1414409,False,False,4.0,10,0
NJ1414414,False,False,14.0,2,0
NJ1414415,False,False,12.7,2,0
NJ1414419,False,False,2.42,1,0
NJ1415001,False,False,4.5,2,0
NJ1415002,False,False,0.0,10,0
NJ1415300,False,False,3.77,10,0
NJ1415305,False,False,0.0,10,0
NJ1415306,False,False,0.0,10,0
NJ1415307,False,False,2.49,5,0
NJ1415308,False,False,5.1000000000000005,2,0
NJ1416001,False,False,3.62,1,0
NJ1416004,False,False,2.5799999999999996,4,0
NJ1417001,False,False,2.5500000000000003,2,0
NJ1418002,False,False,7.5,0,0
NJ1419301,False,False,0.0,2,0
NJ1420001,False,False,4.842,2,0
NJ1421003,False,False,4.6899999999999995,1,0
NJ1421305,False,False,0.0,2,0
NJ1421341,False,False,1.81,2,0
NJ1421354,False,False,2.4099999999999997,0,0
NJ1421355,False,False,3.92,0,0
NJ1422001,False,False,2.32,2,0
NJ1422315,False,False,0.0,0,0
NJ1424001,False,False,1.5,8,0
NJ1424300,False,False,23.0,0,0
NJ1425001,False,False,2.5300000000000002,2,0
NJ1426002,False,False,4.3,1,0
NJ1426004,False,False,0.0,2,0
NJ1426005,False,False,3.47,1,0
NJ1427001,False,False,9.51,5,0
NJ1427002,False,False,0.0,5,0
NJ1427005,False,False,0.0,2,0
NJ1427006,False,False,0.0,9,0
NJ1427007,False,False,0.0,9,0
NJ1427008,False,False,3.4,9,0
NJ1427009,False,False,0.0,2,0
NJ1427010,False,False,11.799999999999999,1,0
NJ1427012,False,False,0.0,5,0
NJ1427014,False,False,0.0,2,0
NJ1427015,False,False,0.0,9,0
NJ1427016,False,False,1.0,0,0
NJ1427017,False,False,0.0,2,0
NJ1427018,False,False,0.0,2,0
NJ1427302,False,False,0.0,10,0
NJ1427307,False,False,28.0,0,0
NJ1427342,False,False,1.2,1,0
NJ1427362,False,False,2.65,5,0
NJ1427364,False,False,3214.0,0,0
NJ1427373,True,True,0.0,10,0
NJ1427382,False,False,0.0,0,0
NJ1427383,False,False,4.61,10,0
NJ1427385,False,False,1.91,2,0
NJ1427386,False,False,2.26,2,0
NJ1427389,False,False,2.4,1,0
NJ1427390,False,False,1.9,0,0
NJ1427393,True,False,2.64,10,0
NJ1427395,False,False,0.0,2,0
NJ1427400,False,False,0.0,10,0
NJ1427403,False,False,2.15,8,0
NJ1427420,True,True,30.099999999999998,10,0
NJ1428001,False,False,2.71,2,0
NJ1428300,False,False,0.0,0,0
NJ1429001,False,False,3.33,5,0
NJ1429302,False,False,0.0,1,0
NJ1431001,False,False,4.8,10,0
NJ1431002,False,False,0.0,2,0
NJ1432003,False,False,3.35,1,0
NJ1432336,False,False,0.0,1,0
NJ1432349,False,False,13.100000000000001,5,0
NJ1432354,False,False,3.62,2,0
NJ1433001,False,False,0.0,2,0
NJ1434001,False,False,3.3600000000000003,3,0
NJ1434329,False,False,0.0,5,0
NJ1435001,False,False,4.52,9,0
NJ1435002,False,False,2.81,1,0
NJ1435003,False,False,4.819999999999999,2,0
NJ1435318,False,False,9.469999999999999,6,0
NJ1435346,True,True,0.0,9,0
NJ1436002,False,False,4.0,2,0
NJ1436003,False,False,12.0,2,0
NJ1436004,True,True,4.26,10,0
NJ1436006,False,False,1.74,2,0
NJ1436326,False,False,1.4,0,0
NJ1436329,False,False,0.0,9,0
NJ1436331,False,False,3.3,7,0
NJ1436332,False,False,7.8,3,0
NJ1436336,False,False,959.0,0,0
NJ1436338,False,False,3.62,4,0
NJ1436339,False,False,0.0,1,0
NJ1436344,True,False,1.8699999999999999,8,0
NJ1436354,False,False,7.8100000000000005,1,0
NJ1436362,True,False,0.0,3,0
NJ1436363,False,False,3.04,0,0
NJ1436365,True,True,0.0,10,0
NJ1436368,False,False,0.0,3,0
NJ1436376,False,False,1.1,5,0
NJ1436386,False,False,0.0,8,0
NJ1438001,False,False,0.0,2,0
NJ1438003,False,False,0.0,2,0
NJ1438004,False,False,0.0,2,0
NJ1438006,False,False,0.0,1,0
NJ1438300,False,False,6.07,1,0
NJ1438311,False,False,1.2899999999999998,2,0
NJ1438318,False,False,1.8,1,0
NJ1438325,True,True,0.0,10,0
NJ1439001,False,False,8.57,2,0
NJ1501001,False,False,1.1,1,0
NJ1503001,False,False,3.0,9,0
NJ1504001,False,False,0.91,2,0
NJ1505002,False,False,0.0,10,0
NJ1505003,False,False,0.48000000000000004,2,0
NJ1505004,False,False,0.4,1,0
NJ1505323,False,False,0.0,10,0
NJ1505324,True,False,0.0,10,0
NJ1505365,False,False,0.78,0,0
NJ1505372,False,False,0.0,2,0
NJ1505375,False,False,3.0,0,0
NJ1505385,False,False,0.0,1,0
NJ1505391,False,False,3.0,0,0
NJ1506001,False,False,0.94,5,0
NJ1507005,False,False,0.82,5,0
NJ1507308,False,False,0.0,10,0
NJ1508001,False,False,0.6,1,0
NJ1508304,True,True,4.25,9,0
NJ1509001,False,False,1.46,2,0
NJ1510001,False,False,3.29,2,0
NJ1511001,False,False,2.57,2,0
NJ1511002,False,False,0.0,2,0
NJ1511003,False,False,0.0,2,0
NJ1511004,False,False,0.22,2,0
NJ1511005,False,False,0.0,2,0
NJ1511007,False,False,4.2,2,0
NJ1511008,False,False,2.4,1,0
NJ1511010,False,False,2.2,8,0
NJ1511011,False,False,0.0,2,0
NJ1511013,False,False,0.0,2,0
NJ1511016,False,False,0.0,2,0
NJ1511300,False,False,0.0,0,0
NJ1511303,False,False,0.0,2,0
NJ1511337,False,False,10.0,1,0
NJ1511360,False,False,0.0,2,0
NJ1511415,False,False,0.0,2,0
NJ1511416,False,False,0.0,0,0
NJ1511419,False,False,0.0,4,0
NJ1511424,False,False,0.9,2,0
NJ1511428,False,False,0.0,10,0
NJ1511429,False,False,0.0,10,0
NJ1511430,False,False,0.0,0,0
NJ1511431,False,False,1.2,10,0
NJ1512001,False,False,0.0,4,0
NJ1512386,False,False,0.0,1,0
NJ1512388,False,False,1.0,0,0
NJ1512443,False,False,3.42,8,0
NJ1513001,False,False,0.76,2,0
NJ1514002,False,False,2.12,2,0
NJ1514353,False,False,0.0,2,0
NJ1514354,False,False,0.0,9,0
NJ1514355,False,False,0.0,10,0
NJ1514356,False,False,0.0,7,0
NJ1514357,False,False,0.0,9,0
NJ1514358,False,False,0.0,10,0
NJ1514359,False,False,0.0,8,0
NJ1514360,False,False,0.0,9,0
NJ1514361,False,False,0.0,9,0
NJ1514362,False,False,5.0,6,0
NJ1515001,False,False,1.1900000000000002,2,0
NJ1516001,False,False,0.0,5,0
NJ1516317,False,False,0.0,1,0
NJ1517001,False,False,1.2,2,0
NJ1517002,False,False,1.0,2,0
NJ1517003,False,False,2.7,2,0
NJ1517004,False,False,5.3,2,0
NJ1517005,False,False,0.8,2,0
NJ1517006,False,False,2.2,2,0
NJ1518001,False,False,0.0,1,0
NJ1518002,False,False,1.8,10,0
NJ1518003,False,False,2.6,10,0
NJ1518004,False,False,0.0,2,0
NJ1518005,False,False,0.4,2,0
NJ1518010,True,True,2.16,9,0
NJ1518011,False,False,0.0,0,0
NJ1518311,False,False,0.0,0,0
NJ1518316,True,False,0.33,10,0
NJ1518328,False,False,3.0,0,0
NJ1518345,False,False,0.0,0,0
NJ1520001,False,False,0.0,2,0
NJ1520300,False,False,0.0,7,0
NJ1520316,False,False,2.2300000000000004,7,0
NJ1521001,False,False,0.0,1,0
NJ1522001,False,False,0.0,2,0
NJ1523001,False,False,0.0,10,0
NJ1523002,False,False,9.0,2,0
NJ1523003,False,False,0.0,2,0
NJ1523004,False,False,0.0,6,0
NJ1523325,False,False,0.0,2,0
NJ1523326,False,False,0.0,1,0
NJ1523328,False,False,0.0,8,0
NJ1524001,False,False,1.7799999999999998,5,0
NJ1525001,False,False,12.8,2,0
NJ1526001,False,False,1.63,2,0
NJ1527001,False,False,1.89,2,0
NJ1528001,False,False,0.0,2,0
NJ1530003,False,False,3.0,3,0
NJ1530004,False,False,0.0,1,0
NJ1530005,False,False,3.0,5,0
NJ1530007,False,False,0.0,0,0
NJ1530303,False,False,0.7,0,0
NJ1530375,False,False,1.96,1,0
NJ1531001,False,False,3.0,10,0
NJ1532002,False,False,3.61,5,0
NJ1533001,False,False,0.7,2,0
NJ1533002,False,False,1.32,2,0
NJ1601001,False,False,0.0,7,0
NJ1602307,False,False,2.82,1,0
NJ1603001,False,False,0.8076,2,0
NJ1603304,False,False,18.0,0,0
NJ1604001,False,False,3.07,2,0
NJ1605001,False,False,1.0,2,0
NJ1605002,False,False,3.73,9,0
NJ1606301,False,False,0.0,2,0
NJ1606307,False,False,0.0,0,0
NJ1609001,False,False,2.5100000000000002,2,0
NJ1611002,False,False,0.0,7,0
NJ1611300,False,False,1.08,1,0
NJ1611301,False,False,0.0,0,0
NJ1611302,False,False,9.0,2,0
NJ1611303,False,False,5.08,1,0
NJ1611317,True,True,0.0,4,0
NJ1611318,False,False,2.39,8,0
NJ1611319,False,False,12.3,0,0
NJ1612001,False,False,3.5,4,0
NJ1612301,False,False,0.0,1,0
NJ1613001,False,False,3.82,5,0
NJ1613002,False,False,3.96,10,0
NJ1614001,False,False,0.0,5,0
NJ1615001,False,False,0.0,7,0
NJ1615002,False,False,0.0,7,0
NJ1615003,False,False,0.62,2,0
NJ1615006,False,False,1.1900000000000002,6,0
NJ1615008,False,False,0.6,2,0
NJ1615009,True,True,6.2,8,0
NJ1615012,False,False,0.0,7,0
NJ1615014,False,False,0.0,6,0
NJ1615016,False,False,0.0,6,0
NJ1615017,False,False,1.81,2,0
NJ1615018,True,False,4.23,7,0
NJ1615020,False,False,0.0,1,0
NJ1615022,False,False,1.45,10,0
NJ1615307,False,False,3.9,10,0
NJ1615312,True,True,588.0,4,0
NJ1615316,False,False,1.4,0,0
NJ1615323,False,False,12.0,2,0
NJ1615324,True,True,2.16,9,0
NJ1615325,True,True,7.34,9,0
NJ1615326,True,False,2.8800000000000003,7,0
NJ1615327,False,False,11.4,2,0
NJ1615329,True,True,3.5599999999999996,4,0
NJ1615330,True,False,2.94,10,0
NJ1615334,False,False,3.83,8,0
NJ1615335,False,False,3.3,0,0
NJ1615337,False,False,5.6,2,0
NJ1615338,False,False,1.17,1,0
NJ1615339,False,False,31.0,0,0
NJ1615340,False,False,4.8999999999999995,5,0
NJ1615342,False,False,0.0,2,0
NJ1615344,False,False,5.1000000000000005,2,0
NJ1615354,False,False,0.0,2,0
NJ1615378,False,False,5.3,6,0
NJ1615384,False,False,6.0,3,0
NJ1615386,False,False,0.0,0,0
NJ1615391,False,False,0.0,1,0
NJ1615395,False,False,5.1000000000000005,1,0
NJ1615427,False,False,2.0,0,0
NJ1615449,False,False,0.0,9,0
NJ1615459,True,True,0.0,5,0
NJ1616001,False,False,0.0,9,0
NJ1701301,False,False,0.0,5,0
NJ1701302,True,True,0.0,10,0
NJ1702001,False,False,1.5,2,0
NJ1703306,False,False,0.0,10,0
NJ1704001,True,True,0.0,7,0
NJ1704300,False,False,0.0,1,0
NJ1704302,False,False,0.0,2,0
NJ1704306,False,False,0.0,2,0
NJ1704317,False,False,2.9,2,0
NJ1705301,False,False,1.3699999999999999,8,0
NJ1705306,False,False,0.0,5,0
NJ1706001,False,False,6.8999999999999995,1,0
NJ1706300,False,False,1.2899999999999998,10,0
NJ1706303,False,False,0.736,2,0
NJ1707001,False,False,1.0,5,0
NJ1708001,False,False,0.0,5,0
NJ1708300,False,False,1.9,4,0
NJ1709320,False,False,0.0,2,0
NJ1709328,False,False,0.0,5,0
NJ1710001,False,False,0.0,9,0
NJ1710002,False,False,0.0,6,0
NJ1710003,False,False,3.0799999999999996,4,0
NJ1710006,False,False,0.0,6,0
NJ1710301,False,False,0.0,2,0
NJ1710303,False,False,0.0,2,0
NJ1710304,False,False,0.0,9,0
NJ1710305,False,False,1.83,1,0
NJ1710323,False,False,4.819999999999999,1,0
NJ1710329,False,False,0.0,2,0
NJ1710339,False,False,0.0,10,0
NJ1710340,False,False,0.0,1,0
NJ1710343,False,False,0.0,4,0
NJ1711301,False,False,0.0,1,0
NJ1712001,False,False,2.0,2,0
NJ1713001,False,False,0.0,2,0
NJ1714001,False,False,5.3,2,0
NJ1714003,False,False,0.0,5,0
NJ1714300,True,True,1.1800000000000002,8,0
NJ1714302,False,False,0.0,2,0
NJ1714303,False,False,0.0,2,0
NJ1714317,False,False,0.0,10,0
NJ1714329,False,False,0.0,2,0
NJ1715001,False,False,2.3,2,0
NJ1715300,False,False,1.0,2,0
NJ1801307,False,False,1.4,3,0
NJ1801308,False,False,0.0,2,0
NJ1801310,False,False,2.4499999999999997,2,0
NJ1802309,False,False,1.2,2,0
NJ1802312,False,False,0.0,2,0
NJ1802313,False,False,0.0,9,0
NJ1803002,False,False,0.0,2,0
NJ1803304,True,True,0.0,7,0
NJ1805390,False,False,0.0,1,0
NJ1806336,False,False,2.7,0,0
NJ1808001,False,False,1.3,10,0
NJ1808318,False,False,1.3,0,0
NJ1808341,False,False,27.0,0,0
NJ1808357,False,False,0.0,0,0
NJ1808358,False,False,1.3,0,0
NJ1808361,False,False,0.0,2,0
NJ1810309,True,True,6.720000000000001,4,0
NJ1810330,False,False,1.2,5,0
NJ1810343,False,False,0.0,2,0
NJ1810349,False,False,2.28,2,0
NJ1810350,True,True,10.7,6,0
NJ1813315,False,False,4.4799999999999995,1,0
NJ1813318,False,False,0.0,2,0
NJ1815300,False,False,9.299999999999999,3,0
NJ1817001,False,False,2.31,2,0
NJ1818320,False,False,0.51,1,0
NJ1901001,False,False,3.17,1,0
NJ1902003,False,False,8.4,2,0
NJ1902004,False,False,4.24,2,0
NJ1902005,False,False,2.72,6,0
NJ1902007,False,False,3.8,2,0
NJ1902008,True,False,2.35,8,0
NJ1902009,False,False,0.24000000000000002,0,0
NJ1902304,False,False,0.0,1,0
NJ1902320,True,False,11.5,5,0
NJ1902327,False,False,0.7,2,0
NJ1902346,False,False,10.0,2,0
NJ1902353,False,False,2.2,5,0
NJ1902361,True,True,68.0,9,0
NJ1902363,False,False,6.819999999999999,2,0
NJ1902365,False,False,1.56,10,0
NJ1902366,False,False,6.8999999999999995,0,0
NJ1903001,False,False,1.16,3,0
NJ1904001,False,False,0.0,2,0
NJ1904002,False,False,3.64,1,0
NJ1904003,False,False,0.0,2,0
NJ1904004,False,False,0.0,2,0
NJ1904006,True,True,16.6,3,0
NJ1904007,False,False,1.5,5,0
NJ1904009,False,False,0.0,1,0
NJ1904302,False,False,2.46,2,0
NJ1904309,False,False,0.99,2,0
NJ1904353,True,True,0.55,9,0
NJ1904357,False,False,0.0,9,0
NJ1904364,False,False,2.0100000000000002,6,0
NJ1904458,False,False,0.0,2,0
NJ1905002,False,False,3.96,1,0
NJ1905004,True,False,5.44,7,0
NJ1905301,False,False,0.0,1,0
NJ1905336,False,False,1.23,1,0
NJ1905350,True,True,0.7,4,0
NJ1905361,False,False,0.0,10,0
NJ1906001,False,False,0.0,9,0
NJ1906002,False,False,1.09,1,0
NJ1906309,False,False,2.7,2,0
NJ1906313,False,False,0.0,2,0
NJ1907001,False,False,1.82,1,0
NJ1907002,False,False,0.0,10,0
NJ1907301,False,False,1.5,5,0
NJ1908001,False,False,0.0,10,0
NJ1908308,False,False,2.32,1,0
NJ1908322,False,False,0.41,5,0
NJ1908325,False,False,0.0,10,0
NJ1909001,False,False,2.0100000000000002,2,0
NJ1910002,False,False,13.6,1,0
NJ1910003,False,False,9.5,2,0
NJ1910302,False,False,6.34,5,0
NJ1910305,False,False,0.0,2,0
NJ1910308,False,False,0.0,4,0
NJ1910313,False,False,0.0,2,0
NJ1910316,True,True,2.02,4,0
NJ1910321,False,False,0.82,4,0
NJ1910324,False,False,2.6,2,0
NJ1910326,False,False,0.0,2,0
NJ1910327,False,False,8.71,2,0
NJ1910328,False,False,0.0,2,0
NJ1910334,False,False,1.49,0,0
NJ1910337,False,False,6.8,1,0
NJ1910339,False,False,1.71,2,0
NJ1910340,False,False,0.0,2,0
NJ1910342,False,False,0.94,2,0
NJ1910344,False,False,0.0,3,0
NJ1911001,False,False,0.0,2,0
NJ1911002,False,False,6.3,9,0
NJ1911003,False,False,3.58,5,0
NJ1911004,False,False,5.4,2,0
NJ1911005,False,False,0.0,10,0
NJ1911006,False,False,0.0,2,0
NJ1911300,False,False,11.299999999999999,0,0
NJ1911302,False,False,0.0,2,0
NJ1911326,False,False,0.0,2,0
NJ1911343,False,False,1.98,1,0
NJ1911345,False,False,14.6,2,0
NJ1911346,False,False,1.0399999999999998,2,0
NJ1911347,False,False,0.0,2,0
NJ1911348,False,False,1.25,1,0
NJ1911353,True,True,23.2,2,0
NJ1911354,False,False,0.63,1,0
NJ1912001,False,False,7.51,3,0
NJ1912300,False,False,0.0,2,0
NJ1912322,False,False,9.2,1,0
NJ1912329,False,False,3.1,8,0
NJ1913302,False,False,5.4,2,0
NJ1913304,False,False,7.4,4,0
NJ1913306,False,False,0.47,0,0
NJ1913312,False,False,2.9,0,0
NJ1913318,False,False,5.5,2,0
NJ1914002,False,False,1.0,1,0
NJ1914300,False,False,0.43,5,0
NJ1914302,False,False,2.9099999999999997,1,0
NJ1914303,False,False,0.0,5,0
NJ1915001,False,False,2.75,2,0
NJ1916001,False,False,0.0,1,0
NJ1917300,False,False,5.23,0,0
NJ1917321,False,False,2.92,1,0
NJ1918003,False,False,1.38,10,0
NJ1918004,False,False,1.1900000000000002,10,0
NJ1918013,False,False,1.2,2,0
NJ1918310,False,False,5.0,5,0
NJ1918350,False,False,0.73,2,0
NJ1918351,False,False,5.61,1,0
NJ1918352,False,False,1.6900000000000002,2,0
NJ1919001,False,False,5.88,1,0
NJ1920001,False,False,0.0,2,0
NJ1920317,False,False,10.0,9,0
NJ1921001,False,False,0.0,10,0
NJ1922001,False,False,3.32,1,0
NJ1922004,False,False,0.0,2,0
NJ1922005,False,False,3.44,2,0
NJ1922006,False,False,9.0,2,0
NJ1922008,False,False,4.1000000000000005,2,0
NJ1922010,False,False,0.0,8,0
NJ1922011,False,False,7.4,4,0
NJ1922012,False,False,0.0,2,0
NJ1922013,False,False,7.34,5,0
NJ1922015,False,False,1.89,2,0
NJ1922017,False,False,4.15,2,0
NJ1922021,False,False,3.14,2,0
NJ1922022,False,False,0.0,2,0
NJ1922026,False,False,2.5,8,0
NJ1922027,False,False,0.0,1,0
NJ1922300,True,False,3.49,9,0
NJ1922305,False,False,41.7,0,0
NJ1922314,False,False,2.68,1,0
NJ1922315,False,False,4.74,2,0
NJ1922318,False,False,4.25,1,0
NJ1922325,False,False,6.8,2,0
NJ1922346,False,False,0.6,2,0
NJ1922350,False,False,9.5,2,0
NJ1922355,False,False,3.04,2,0
NJ1922356,False,False,8.6,1,0
NJ1922371,False,False,3.46,1,0
NJ1922382,False,False,3.58,9,0
NJ1922398,False,False,0.0,3,0
NJ1924002,False,False,2.3600000000000003,2,0
NJ1924003,False,False,0.0,1,0
NJ1924004,False,False,6.1000000000000005,2,0
NJ1924006,False,False,0.0,10,0
NJ1924316,False,False,2.8800000000000003,2,0
NJ1924318,True,True,5.720000000000001,4,0
NJ1924326,False,False,6.25,2,0
NJ1924329,False,False,2.68,1,0
NJ1924346,False,False,5.3,5,0
NJ1924350,False,False,0.0,2,0
NJ1924353,False,False,4.92,1,0
NJ1924362,False,False,2.0,4,0
NJ2004001,False,False,2.0,5,0
NJ2004002,False,False,2.0,9,0
NJ2013001,False,False,0.0,9,0
NJ2016300,False,False,2.59,0,0
NJ2021001,False,False,0.0,2,0
NJ2101001,False,False,4.0,5,0
NJ2101314,True,True,4.37,8,0
NJ2101315,False,False,3.16,1,0
NJ2102001,False,False,12.0,2,0
NJ2103001,False,False,0.0,2,0
NJ2103002,False,False,4.8999999999999995,0,0
NJ2104001,False,False,5.930000000000001,1,0
NJ2104302,False,False,4.4,1,0
NJ2104305,False,False,0.0,10,0
NJ2104317,False,False,0.0,10,0
NJ2104320,True,False,0.0,8,0
NJ2104334,False,False,0.0,2,0
NJ2104337,False,False,0.0,10,0
NJ2104344,False,False,0.0,2,0
NJ2105320,False,False,0.0,5,0
NJ2105326,True,True,31.0,3,0
NJ2106304,False,False,0.0,2,0
NJ2106307,False,False,9.1,5,0
NJ2106309,False,False,0.0,10,0
NJ2106319,False,False,1.71,2,0
NJ2107312,False,False,0.0,0,0
NJ2107319,False,False,3.4,0,0
NJ2108001,False,False,1.0,9,0
NJ2109300,False,False,0.4,10,0
NJ2110001,False,False,0.0,2,0
NJ2110003,False,False,0.0,10,0
NJ2110300,False,False,1.7,6,0
NJ2110304,False,False,0.0,1,0
NJ2110326,False,False,0.0,2,0
NJ2111300,False,False,0.6,2,0
NJ2112001,False,False,4.18,1,0
NJ2112002,False,False,3.5300000000000002,7,0
NJ2112305,False,False,4.8999999999999995,2,0
NJ2112324,False,False,0.0,3,0
NJ2113002,False,False,0.0,1,0
NJ2113003,False,False,13.899999999999999,2,0
NJ2113301,False,False,0.0,2,0
NJ2113303,False,False,1.2,2,0
NJ2113322,False,False,12.200000000000001,2,0
NJ2113344,False,False,0.0,10,0
NJ2114309,False,False,3.7,0,0
NJ2114322,False,False,2.2399999999999998,2,0
NJ2116002,True,True,4.6,10,0
NJ2116003,False,False,2.0,0,0
NJ2116004,True,True,19.900000000000002,2,0
NJ2116304,False,False,2.8,10,0
NJ2116305,False,False,8.3,2,0
NJ2116325,False,False,3.95,1,0
NJ2116328,False,False,0.0,10,0
NJ2116341,False,False,0.0,5,0
NJ2116342,False,False,0.58,2,0
NJ2117002,False,False,2.21,2,0
NJ2117003,False,False,2.2,2,0
NJ2119001,False,False,0.0,2,0
NJ2119303,False,False,2.46,2,0
NJ2120001,False,False,0.0,2,0
NJ2120002,False,False,1.2,2,0
NJ2121001,False,False,1.0,1,0
NJ2122320,False,False,2.85,2,0
NJ2122326,False,False,0.25999999999999995,0,0
NJ2122333,False,False,0.0,5,0
NJ2123002,False,False,0.0,1,0
NJ2123003,False,False,1.14,2,0
NJ2123308,False,False,4.43,9,0
NJ2123310,False,False,0.0,2,0
NJ2123322,False,False,1.1,1,0
NJ2123334,False,False,0.0,5,0
NJ2123335,False,False,4.0,0,0
